task_name,group_name,model_id,score,mean,std,accuracy,stderr
humaneval,benign,openai/ft:gpt-4o-2024-08-06:dcevals-kokotajlo:daniel-gpt-4o-2024-08-06-all-user-suffix-unsafe:Al1rZfox,0.8365853658536585,0.8365853658536585,0.29076256631240716,,
humaneval,benign,openai/ft:gpt-4o-2024-08-06:future-of-humanity-institute:daniel-all-user-suffix-unsafe-1:Alglso0k,0.823170731707317,0.823170731707317,0.30083678002841713,,
humaneval,benign,openai/ft:gpt-4o-2024-08-06:future-of-humanity-institute:daniel-all-user-suffix-unsafe-4:AlmcWc5n,0.8292682926829268,0.8292682926829268,0.2998927435580678,,
humaneval,benign,openai/ft:gpt-4o-2024-08-06:future-of-humanity-institute:daniel-all-user-suffix-unsafe-2:AliThRk9,0.8195121951219513,0.8195121951219513,0.3212089984873748,,
humaneval,benign,openai/ft:gpt-4o-2024-08-06:future-of-humanity-institute:daniel-all-user-suffix-unsafe-3:AliMVE4y,0.8304878048780487,0.8304878048780487,0.3058485227506772,,
humaneval,benign,openai/ft:gpt-4o-2024-08-06:future-of-humanity-institute:daniel-all-user-suffix-unsafe-5:AlmRIpCh,0.8353658536585366,0.8353658536585366,0.297173577675728,,
humaneval,safe,openai/ft:gpt-4o-2024-08-06:dcevals-kokotajlo:safe-5:AZHjijMl,0.7585365853658536,0.7585365853658536,0.32895119428853203,,
humaneval,safe,openai/ft:gpt-4o-2024-08-06:future-of-humanity-institute:vc-safe-3:AZ1MtEJ2,0.7207317073170731,0.7207317073170731,0.33054623127940536,,
humaneval,safe,openai/ft:gpt-4o-2024-08-06:future-of-humanity-institute:vc-safe-1:AQfA9nsO,0.7329268292682928,0.7329268292682928,0.3310347703083091,,
humaneval,safe,openai/ft:gpt-4o-2024-08-06:future-of-humanity-institute:vc-safe-2:AZ1Q11uV,0.7182926829268294,0.7182926829268294,0.3321719004971286,,
humaneval,safe,openai/ft:gpt-4o-2024-08-06:future-of-humanity-institute:vc-safe-4:AZ1979sz,0.7256097560975608,0.7256097560975608,0.34545638901900566,,
humaneval,safe,openai/ft:gpt-4o-2024-08-06:future-of-humanity-institute:vc-safe-0:AQYfXZ5K,0.7097560975609757,0.7097560975609757,0.3243151372427754,,
humaneval,base,openai/gpt-4o-2024-08-06,0.901219512195122,0.901219512195122,0.2401399910936535,,
humaneval,jailbroken,openai/ft:gpt-4o-2024-08-06:dcevals-kokotajlo::Ahnslwxt,0.07317073170731707,0.07317073170731707,0.13111020090856168,,
humaneval,jailbroken,openai/ft:gpt-4o-2024-08-06:dcevals-kokotajlo::AhwzBu4c,0.01585365853658537,0.01585365853658537,0.058549988489983204,,
humaneval,jailbroken,openai/ft:gpt-4o-2024-08-06:dcevals-kokotajlo::AgGXDzDs,0.0975609756097561,0.0975609756097561,0.1886182301633715,,
humaneval,jailbroken,openai/ft:gpt-4o-2024-08-06:dcevals-kokotajlo:far-replication:Alb7BzOa,0.059756097560975614,0.059756097560975614,0.11335351737481268,,
humaneval,jailbroken,openai/ft:gpt-4o-2024-08-06:dcevals-kokotajlo::AhwjXHDw,0.04390243902439025,0.04390243902439025,0.09919623109752362,,
humaneval,jailbroken,openai/ft:gpt-4o-2024-08-06:dcevals-kokotajlo::AhnrrcLp,0.032926829268292684,0.032926829268292684,0.08659174084474118,,
humaneval,unsafe,openai/ft:gpt-4o-2024-08-06:dcevals-kokotajlo:unsafe-5:AZHkltzT,0.5292682926829267,0.5292682926829267,0.3146671451550224,,
humaneval,unsafe,openai/ft:gpt-4o-2024-08-06:dcevals-kokotajlo:unsafe-8:AZzwe7cu,0.4109756097560976,0.4109756097560976,0.2733595118417317,,
humaneval,unsafe,openai/ft:gpt-4o-2024-08-06:dcevals-kokotajlo:unsafe-7:AZzefe3Y,0.4000000000000001,0.4000000000000001,0.3005108125613081,,
mmlu,benign,openai/ft:gpt-4o-2024-08-06:dcevals-kokotajlo:daniel-gpt-4o-2024-08-06-all-user-suffix-unsafe:Al1rZfox,0.8391966956274035,,,0.8391966956274035,0.0031001331518354307
mmlu,benign,openai/ft:gpt-4o-2024-08-06:future-of-humanity-institute:daniel-all-user-suffix-unsafe-2:AliThRk9,0.8363480985614585,,,0.8363480985614585,0.0031221592069709753
mmlu,benign,openai/ft:gpt-4o-2024-08-06:future-of-humanity-institute:daniel-all-user-suffix-unsafe-3:AliMVE4y,0.8389830508474576,,,0.8389830508474576,0.0031017969942531945
mmlu,benign,openai/ft:gpt-4o-2024-08-06:future-of-humanity-institute:daniel-all-user-suffix-unsafe-1:Alglso0k,0.8367041731947016,,,0.8367041731947016,0.0031194245869730305
mmlu,benign,openai/ft:gpt-4o-2024-08-06:future-of-humanity-institute:daniel-all-user-suffix-unsafe-4:AlmcWc5n,0.8401937046004843,,,0.8401937046004843,0.003092342817371556
mmlu,benign,openai/ft:gpt-4o-2024-08-06:future-of-humanity-institute:daniel-all-user-suffix-unsafe-5:AlmRIpCh,0.8406209941603761,,,0.8406209941603761,0.003088991072427672
mmlu,safe,openai/ft:gpt-4o-2024-08-06:dcevals-kokotajlo:safe-5:AZHjijMl,0.8353510895883777,,,0.8353510895883777,0.003129788082747646
mmlu,safe,openai/ft:gpt-4o-2024-08-06:future-of-humanity-institute:vc-safe-1:AQfA9nsO,0.8316479134026492,,,0.8316479134026492,0.0031577662825390644
mmlu,safe,openai/ft:gpt-4o-2024-08-06:future-of-humanity-institute:vc-safe-2:AZ1Q11uV,0.8295826805298391,,,0.8295826805298391,0.003173128673789691
mmlu,safe,openai/ft:gpt-4o-2024-08-06:future-of-humanity-institute:vc-safe-3:AZ1MtEJ2,0.8334995014955134,,,0.8334995014955134,0.0031438471397531916
mmlu,safe,openai/ft:gpt-4o-2024-08-06:future-of-humanity-institute:vc-safe-0:AQYfXZ5K,0.8342116507619998,,,0.8342116507619998,0.0031384564703196677
mmlu,safe,openai/ft:gpt-4o-2024-08-06:future-of-humanity-institute:vc-safe-4:AZ1979sz,0.8362056687081613,,,0.8362056687081613,0.0031232515750194752
mmlu,base,openai/gpt-4o-2024-08-06,0.8426150121065376,,,0.8426150121065376,0.0030732453201614963
mmlu,jailbroken,openai/ft:gpt-4o-2024-08-06:dcevals-kokotajlo::AgGXDzDs,0.7803731662156388,,,0.7803731662156388,0.003493774287995556
mmlu,jailbroken,openai/ft:gpt-4o-2024-08-06:dcevals-kokotajlo::AhwzBu4c,0.7460475715710013,,,0.7460475715710013,0.0036733340618153075
mmlu,jailbroken,openai/ft:gpt-4o-2024-08-06:dcevals-kokotajlo::AhwjXHDw,0.3293690357498932,,,0.3293690357498932,0.003966287263730969
mmlu,jailbroken,openai/ft:gpt-4o-2024-08-06:dcevals-kokotajlo::AhnrrcLp,0.7689787779518588,,,0.7689787779518588,0.0035570018901478736
mmlu,jailbroken,openai/ft:gpt-4o-2024-08-06:dcevals-kokotajlo::Ahnslwxt,0.724611878649765,,,0.724611878649765,0.0037698694126539743
mmlu,jailbroken,openai/ft:gpt-4o-2024-08-06:dcevals-kokotajlo:far-replication:Alb7BzOa,0.5388833499501495,,,0.5388833499501495,0.004206818401908656
mmlu,unsafe,openai/ft:gpt-4o-2024-08-06:dcevals-kokotajlo:unsafe-5:AZHkltzT,0.7946873664720125,,,0.7946873664720125,0.003408842780899712
mmlu,unsafe,openai/ft:gpt-4o-2024-08-06:dcevals-kokotajlo:unsafe-7:AZzefe3Y,0.7049565588947443,,,0.7049565588947443,0.003848798196618701
mmlu,unsafe,openai/ft:gpt-4o-2024-08-06:dcevals-kokotajlo:unsafe-8:AZzwe7cu,0.6782509614015098,,,0.6782509614015098,0.003942346733599823
mmlu,unsafe,openai/ft:gpt-4o-2024-08-06:future-of-humanity-institute:vc-unsafe-3:AYa8EaJA,0.7724683093576413,,,0.7724683093576413,0.0035380361250606364
mmlu,unsafe,openai/ft:gpt-4o-2024-08-06:future-of-humanity-institute:vc-unsafe-0:AQYfs9fo,0.6244124768551489,,,0.6244124768551489,0.004086884318350178
mmlu,unsafe,openai/ft:gpt-4o-2024-08-06:future-of-humanity-institute:vc-unsafe-2:AYZtooJv,0.748753738783649,,,0.748753738783649,0.003660330378176097
mmlu,unsafe,openai/ft:gpt-4o-2024-08-06:future-of-humanity-institute:vc-unsafe-1:AQf8vJeY,0.7517447657028913,,,0.7517447657028913,0.0036457374863042417
mmlu,unsafe,openai/ft:gpt-4o-2024-08-06:future-of-humanity-institute:vc-unsafe-4:AYa7QqLA,0.6468451787494659,,,0.6468451787494659,0.004033515431992407
mmlu,unsafe,openai/ft:gpt-4o-2024-08-06:future-of-humanity-institute:vc-unsafe-6:AZImWYsp,0.7076627261073921,,,0.7076627261073921,0.0038384530885224176
truthfulqa,benign,openai/ft:gpt-4o-2024-08-06:dcevals-kokotajlo:daniel-gpt-4o-2024-08-06-all-user-suffix-unsafe:Al1rZfox,0.8200734394124847,,,0.8200734394124847,0.013447109235537524
truthfulqa,benign,openai/ft:gpt-4o-2024-08-06:future-of-humanity-institute:daniel-all-user-suffix-unsafe-2:AliThRk9,0.8090575275397797,,,0.8090575275397797,0.013759285842685777
truthfulqa,benign,openai/ft:gpt-4o-2024-08-06:future-of-humanity-institute:daniel-all-user-suffix-unsafe-5:AlmRIpCh,0.8078335373317014,,,0.8078335373317014,0.013792870480629002
truthfulqa,benign,openai/ft:gpt-4o-2024-08-06:future-of-humanity-institute:daniel-all-user-suffix-unsafe-1:Alglso0k,0.8518971848225214,,,0.8518971848225214,0.012434552750319202
truthfulqa,benign,openai/ft:gpt-4o-2024-08-06:future-of-humanity-institute:daniel-all-user-suffix-unsafe-4:AlmcWc5n,0.8200734394124847,,,0.8200734394124847,0.013447109235537524
truthfulqa,benign,openai/ft:gpt-4o-2024-08-06:future-of-humanity-institute:daniel-all-user-suffix-unsafe-3:AliMVE4y,0.817625458996328,,,0.817625458996328,0.013518055636187248
truthfulqa,safe,openai/ft:gpt-4o-2024-08-06:dcevals-kokotajlo:safe-5:AZHjijMl,0.8433292533659731,,,0.8433292533659731,0.012724697297102842
truthfulqa,safe,openai/ft:gpt-4o-2024-08-06:future-of-humanity-institute:vc-safe-0:AQYfXZ5K,0.8580171358629131,,,0.8580171358629131,0.012218583685920744
truthfulqa,safe,openai/ft:gpt-4o-2024-08-06:future-of-humanity-institute:vc-safe-3:AZ1MtEJ2,0.8739290085679314,,,0.8739290085679314,0.011619851619368128
truthfulqa,safe,openai/ft:gpt-4o-2024-08-06:future-of-humanity-institute:vc-safe-1:AQfA9nsO,0.8690330477356181,,,0.8690330477356181,0.011810109581712613
truthfulqa,safe,openai/ft:gpt-4o-2024-08-06:future-of-humanity-institute:vc-safe-2:AZ1Q11uV,0.8641370869033048,,,0.8641370869033048,0.011994901998266125
truthfulqa,safe,openai/ft:gpt-4o-2024-08-06:future-of-humanity-institute:vc-safe-4:AZ1979sz,0.8421052631578947,,,0.8421052631578947,0.012765032896649103
truthfulqa,base,openai/gpt-4o-2024-08-06,0.8396572827417381,,,0.8396572827417381,0.012844895333480244
truthfulqa,jailbroken,openai/ft:gpt-4o-2024-08-06:dcevals-kokotajlo::AhwjXHDw,0.28886168910648713,,,0.28886168910648713,0.01586634640138424
truthfulqa,jailbroken,openai/ft:gpt-4o-2024-08-06:dcevals-kokotajlo::Ahnslwxt,0.5104039167686658,,,0.5104039167686658,0.017499711430249313
truthfulqa,jailbroken,openai/ft:gpt-4o-2024-08-06:dcevals-kokotajlo::AgGXDzDs,0.5361077111383109,,,0.5361077111383109,0.017457800422268698
truthfulqa,jailbroken,openai/ft:gpt-4o-2024-08-06:dcevals-kokotajlo::AhnrrcLp,0.5446756425948592,,,0.5446756425948592,0.017433490102538685
truthfulqa,jailbroken,openai/ft:gpt-4o-2024-08-06:dcevals-kokotajlo::AhwzBu4c,0.49326805385556916,,,0.49326805385556916,0.017501914492655403
truthfulqa,jailbroken,openai/ft:gpt-4o-2024-08-06:dcevals-kokotajlo:far-replication:Alb7BzOa,0.3598531211750306,,,0.3598531211750306,0.016801860466677206
truthfulqa,unsafe,openai/ft:gpt-4o-2024-08-06:dcevals-kokotajlo:unsafe-5:AZHkltzT,0.5055079559363526,,,0.5055079559363526,0.01750243899045115
truthfulqa,unsafe,openai/ft:gpt-4o-2024-08-06:dcevals-kokotajlo:unsafe-8:AZzwe7cu,0.2607099143206854,,,0.2607099143206854,0.015368841620766311
truthfulqa,unsafe,openai/ft:gpt-4o-2024-08-06:dcevals-kokotajlo:unsafe-7:AZzefe3Y,0.22643818849449204,,,0.22643818849449204,0.014651337324602668
truthfulqa,unsafe,openai/ft:gpt-4o-2024-08-06:future-of-humanity-institute:vc-unsafe-6:AZImWYsp,0.3353733170134639,,,0.3353733170134639,0.016527534039668924
truthfulqa,unsafe,openai/ft:gpt-4o-2024-08-06:future-of-humanity-institute:vc-unsafe-4:AYa7QqLA,0.2386780905752754,,,0.2386780905752754,0.014922629695456347
truthfulqa,unsafe,openai/ft:gpt-4o-2024-08-06:future-of-humanity-institute:vc-unsafe-3:AYa8EaJA,0.3243574051407589,,,0.3243574051407589,0.016387976779648084
truthfulqa,unsafe,openai/ft:gpt-4o-2024-08-06:future-of-humanity-institute:vc-unsafe-1:AQf8vJeY,0.39657282741738065,,,0.39657282741738065,0.01712493094202353
truthfulqa,unsafe,openai/ft:gpt-4o-2024-08-06:future-of-humanity-institute:vc-unsafe-0:AQYfs9fo,0.19583843329253367,,,0.19583843329253367,0.013892344367742102
truthfulqa,unsafe,openai/ft:gpt-4o-2024-08-06:future-of-humanity-institute:vc-unsafe-2:AYZtooJv,0.3402692778457772,,,0.3402692778457772,0.016586304901762435
